[
    {
        "id": 1,
        "name":"Dell Alienware x16",
        "price": 454290,
        "image": "image/1.png"
    },
    {
        "id": 2,
        "name":"Asus Vivobook 15",
        "price": 49999,
        "image": "image/2.png"
    },
    {
        "id": 3,
        "name":"HP Victus",
        "price": 67999,
        "image": "image/5.png"
    },
    {
        "id": 4,
        "name":"Asus TUF",
        "price": 59999,
        "image": "image/3.png"
    },
    {
        "id": 5,
        "name":"Galaxy Book",
        "price": 233000,
        "image": "image/4.png"
    },
    {
        "id": 6,
        "name":"Lenovo Flex5",
        "price": 90000,
        "image": "image/6.png"
    },
    {
        "id": 7,
        "name":"Lenovo Ideapad",
        "price": 64999,
        "image": "image/7.png"
    },
    {
        "id": 8,
        "name":"MacBook Pro",
        "price": 320000,
        "image": "image/8.png"
    }

]