[
    {
        "id": 1,
        "name":"Canon EOS R6 Mark II Mirrorless",
        "price": 430000,
        "image": "image/14.png"
    },
    {
        "id": 2,
        "name":"Panasonic AG-AC30 Full HD Camcorder",
        "price": 160000,
        "image": "image/2.png"
    },
    {
        "id": 3,
        "name":"Canon G7X Mark II",
        "price": 123500,
        "image": "image/7.png"
    },
    {
        "id": 4,
        "name":"Canon XA60 Professional UHD",
        "price": 123000,
        "image": "image/8.png"
    },
    {
        "id": 5,
        "name":"Canon PowerShot ELPH 360",
        "price": 75000,
        "image": "image/10.png"
    },
    {
        "id": 6,
        "name":"DJI Mavic 3 Pro Cine Drone",
        "price": 431000,
        "image": "image/12.png"
    },
    {
        "id": 7,
        "name":"Canon Eos Rebel T8i Dslr Camera",
        "price": 150000,
        "image": "image/4.webp"
    },
    {
        "id": 8,
        "name":"Linxtech IN1601 480P 720P Mini",
        "price": 60000,
        "image": "image/11.png"
    }

]